orderID,orderDate,deliverMethod,customerID,SKU1,SKU1Price,SKU2,SKU2Price,SKU3,SKU3Price,numProd,orderPrice
3001,6/2/2021,UPS,2008,1021,15,1006,12,1019,15,3,42
3002,2/13/2022,UPS,2029,1022,15,1015,35,1040,22,3,72
3003,12/8/2020,In-Store,2010,1005,12,1037,10,1035,10,3,32
3004,1/29/2020,In-Store,2007,1005,12,1018,20,1032,15,3,47
3005,9/27/2021,In-Store,2025,1010,12,1011,12,1006,12,3,36
3006,2/16/2022,In-Store,2017,1017,45,1013,35,1011,12,3,92
3007,8/29/2020,UPS,2017,1032,15,1021,15,1012,12,3,42
3008,4/20/2022,UPS,2029,1036,10,1007,12,1031,4,3,26
3009,5/6/2021,UPS,2008,1009,12,1025,20,1005,12,3,44
3010,5/14/2020,UPS,2029,1009,12,1044,5,1040,22,3,39
3011,12/18/2019,UPS,2017,1024,20,1011,12,1049,7.5,3,39.5
3012,2/8/2021,UPS,2013,1027,20,1005,12,1010,12,3,44
3013,12/22/2020,In-Store,2003,1006,12,1020,15,1008,12,3,39
3014,10/29/2020,In-Store,2019,1021,15,1036,10,1042,7.5,3,32.5
3015,8/19/2020,In-Store,2029,1022,15,1030,20,1021,15,3,50
3016,10/1/2020,In-Store,2019,1042,7.5,1033,15,1013,35,3,57.5
3017,5/23/2020,In-Store,2022,1046,18,1039,18,1035,10,3,46
3018,5/28/2022,In-Store,2004,1015,35,1009,12,1044,5,3,52
3019,1/2/2022,UPS,2021,1035,10,1045,18,1012,12,3,40
3020,11/14/2021,UPS,2019,1015,35,1043,85,1042,7.5,3,127.5
3021,3/12/2022,UPS,2023,1027,20,1009,12,1036,10,3,42
3022,2/7/2021,In-Store,2027,1026,20,1046,18,1045,18,3,56
3023,7/21/2019,In-Store,2025,1018,20,1015,35,1003,22,3,77
3024,7/10/2019,In-Store,2011,1021,15,1035,10,1014,35,3,60
3025,1/2/2022,In-Store,2030,1013,35,1024,20,1016,35,3,90
3026,10/10/2021,In-Store,2006,1047,18,1017,45,1031,4,3,67
3027,9/12/2022,In-Store,2005,1012,12,1029,20,1034,15,3,47
3028,2/10/2019,UPS,2005,1021,15,1018,20,1003,22,3,57
3029,9/21/2020,UPS,2004,1035,10,1032,15,1022,15,3,40
3030,7/31/2022,UPS,2023,1006,12,1024,20,1019,15,3,47
3031,10/4/2020,UPS,2014,1017,45,1034,15,1014,35,3,95
3032,4/24/2019,UPS,2019,1044,5,1039,18,1014,35,3,58
3033,6/3/2021,UPS,2015,1011,12,1023,15,1044,5,3,32
3034,8/5/2019,In-Store,2001,1026,20,1012,12,1004,22,3,54
3035,5/30/2020,In-Store,2003,1031,4,1035,10,1003,22,3,36
3036,4/16/2020,In-Store,2013,1001,15,1004,22,1032,15,3,52
3037,5/6/2022,In-Store,2003,1020,15,1031,4,1012,12,3,31
3038,9/29/2019,In-Store,2029,1032,15,1026,20,1039,18,3,53
3039,2/16/2019,In-Store,2017,1016,35,1012,12,1014,35,3,82
3040,8/16/2022,In-Store,2030,1006,12,1043,85,1045,18,3,115
3041,2/21/2019,In-Store,2027,1032,15,1041,5,1043,85,3,105
3042,6/10/2020,In-Store,2019,1004,22,1003,22,1017,45,3,89
3043,3/18/2022,UPS,2027,1004,22,1018,20,1030,20,3,62
3044,12/20/2021,UPS,2008,1013,35,1024,20,1002,7,3,62
3045,10/2/2021,UPS,2018,1042,7.5,1013,35,1022,15,3,57.5
3046,6/28/2019,UPS,2013,1019,15,1049,7.5,1010,12,3,34.5
3047,10/26/2020,UPS,2012,1034,15,1032,15,1044,5,3,35
3048,8/25/2022,UPS,2015,1044,5,1045,18,1016,35,3,58
3049,11/29/2019,In-Store,2016,1045,18,1019,15,1033,15,3,48
3050,5/5/2021,In-Store,2018,1020,15,1025,20,1027,20,3,55
3051,11/22/2019,In-Store,2029,1006,12,1023,15,1043,85,3,112
3052,2/22/2022,In-Store,2024,1027,20,1016,35,1004,22,3,77
3053,3/11/2020,In-Store,2020,1021,15,1041,5,1009,12,3,32
3054,7/2/2022,In-Store,2025,1040,22,1033,15,1001,15,3,52
3055,5/23/2019,In-Store,2006,1028,20,1015,35,1035,10,3,65
3056,1/12/2019,In-Store,2001,1047,18,1009,12,1045,18,3,48
3057,2/5/2020,In-Store,2020,1022,15,1001,15,1015,35,3,65
3058,7/2/2020,In-Store,2013,1047,18,1031,4,1039,18,3,40
3059,7/8/2020,In-Store,2016,1023,15,1028,20,1036,10,3,45
3060,10/9/2020,In-Store,2018,1015,35,1046,18,1012,12,3,65
3061,7/7/2022,UPS,2018,1021,15,1001,15,1044,5,3,35
3062,8/23/2020,UPS,2004,1014,35,1014,35,1043,85,3,155
3063,8/22/2021,UPS,2012,1019,15,1036,10,1034,15,3,40
3064,4/14/2021,UPS,2015,1004,22,1017,45,1017,45,3,112
3065,3/27/2020,UPS,2021,1001,15,1047,18,1013,35,3,68
3066,4/9/2020,UPS,2011,1020,15,1009,12,1007,12,3,39
3067,8/17/2022,In-Store,2007,1021,15,1039,18,1007,12,3,45
3068,1/11/2022,In-Store,2008,1001,15,1006,12,1009,12,3,39
3069,2/3/2019,In-Store,2027,1041,5,1034,15,1008,12,3,32
3070,4/8/2021,UPS,2026,1011,12,1049,7.5,1006,12,3,31.5
3071,7/18/2022,UPS,2006,1048,18,1038,10,1044,5,3,33
3072,1/13/2020,UPS,2016,1028,20,1043,85,1004,22,3,127
3073,6/17/2022,UPS,2017,1024,20,1038,10,1044,5,3,35
3074,10/28/2020,UPS,2028,1027,20,1005,12,1033,15,3,47
3075,1/23/2019,UPS,2024,1025,20,1024,20,1026,20,3,60
3076,5/14/2019,In-Store,2002,1032,15,1026,20,1046,18,3,53
3077,10/3/2020,In-Store,2010,1043,85,1007,12,1031,4,3,101
3078,3/18/2022,In-Store,2027,1030,20,1045,18,1025,20,3,58
3079,8/31/2020,In-Store,2017,1026,20,1034,15,1044,5,3,40
3080,10/13/2021,In-Store,2012,1037,10,1035,10,1048,18,3,38
3081,6/9/2021,In-Store,2007,1027,20,1036,10,1044,5,3,35
3082,9/30/2020,In-Store,2015,1019,15,1047,18,1047,18,3,51
3083,8/1/2020,In-Store,2029,1017,45,1017,45,1003,22,3,112
3084,8/12/2021,In-Store,2020,1015,35,1037,10,1006,12,3,57
3085,10/20/2022,UPS,2017,1046,18,1032,15,1010,12,3,45
3086,3/13/2019,UPS,2017,1042,7.5,1030,20,1041,5,3,32.5
3087,3/12/2019,UPS,2004,1017,45,1047,18,1001,15,3,78
3088,11/11/2021,In-Store,2024,1006,12,1033,15,1037,10,3,37
3089,5/10/2020,In-Store,2016,1031,4,1028,20,1044,5,3,29
3090,5/21/2021,In-Store,2028,1040,22,1036,10,1037,10,3,42
3091,1/9/2020,In-Store,2030,1028,20,1003,22,1004,22,3,64
3092,12/10/2021,In-Store,2004,1016,35,1029,20,1019,15,3,70
3093,7/10/2019,In-Store,2007,1039,18,1012,12,1037,10,3,40
3094,5/9/2020,In-Store,2015,1032,15,1012,12,1025,20,3,47
3095,1/3/2019,UPS,2015,1032,15,1041,5,1027,20,3,40
3096,6/10/2022,UPS,2025,1019,15,1036,10,1014,35,3,60
3097,8/26/2021,UPS,2024,1011,12,1017,45,1049,7.5,3,64.5
3098,3/1/2022,UPS,2005,1003,22,1008,12,1042,7.5,3,41.5
3099,7/2/2021,UPS,2008,1001,15,1012,12,1037,10,3,37
3100,7/20/2022,UPS,2027,1031,4,1001,15,1005,12,3,31
3101,2/18/2022,UPS,2012,1034,15,1009,12,1018,20,3,47
3102,5/13/2021,UPS,2030,1009,12,1004,22,1023,15,3,49
3103,8/27/2019,In-Store,2007,1037,10,1015,35,1012,12,3,57
3104,11/19/2019,In-Store,2014,1013,35,1037,10,1024,20,3,65
3105,7/5/2021,In-Store,2016,1007,12,1017,45,1037,10,3,67
3106,1/16/2020,In-Store,2008,1034,15,1048,18,1014,35,3,68
3107,4/24/2021,UPS,2006,1035,10,1022,15,1021,15,3,40
3108,4/4/2022,UPS,2017,1026,20,1030,20,1009,12,3,52
3109,9/8/2019,UPS,2002,1037,10,1002,7,1042,7.5,3,24.5
3110,1/11/2020,UPS,2002,1048,18,1043,85,1009,12,3,115
3111,5/18/2021,UPS,2005,1024,20,1028,20,1037,10,3,50
3112,8/2/2019,UPS,2005,1007,12,1044,5,1013,35,3,52
3113,10/14/2020,In-Store,2002,1022,15,1044,5,1020,15,3,35
3114,8/30/2019,In-Store,2023,1029,20,1044,5,1017,45,3,70
3115,9/10/2021,In-Store,2024,1044,5,1024,20,1028,20,3,45
3116,2/19/2020,In-Store,2028,1004,22,1006,12,1006,12,3,46
3117,2/14/2021,In-Store,2018,1013,35,1001,15,1032,15,3,65
3118,6/16/2020,In-Store,2018,1037,10,1024,20,1007,12,3,42
3119,12/13/2020,UPS,2019,1020,15,1001,15,1008,12,3,42
3120,12/14/2019,UPS,2028,1017,45,1019,15,1038,10,3,70
3121,5/3/2021,UPS,2007,1020,15,1014,35,1012,12,3,62
3122,10/23/2019,In-Store,2023,1004,22,1032,15,1039,18,3,55
3123,3/14/2019,In-Store,2026,1024,20,1038,10,1046,18,3,48
3124,2/11/2019,In-Store,2030,1042,7.5,1013,35,1010,12,3,54.5
3125,9/5/2021,In-Store,2001,1046,18,1027,20,1036,10,3,48
3126,11/12/2020,In-Store,2011,1044,5,1030,20,1006,12,3,37
3127,5/3/2021,In-Store,2003,1007,12,1037,10,1031,4,3,26
3128,9/4/2021,UPS,2017,1013,35,1003,22,1017,45,3,102
3129,3/30/2021,UPS,2024,1031,4,1009,12,1021,15,3,31
3130,10/21/2021,UPS,2026,1031,4,1003,22,1027,20,3,46
3131,2/10/2019,UPS,2025,1001,15,1019,15,1030,20,3,50
3132,5/27/2022,UPS,2009,1003,22,1035,10,1028,20,3,52
3133,11/1/2020,UPS,2022,1024,20,1004,22,1029,20,3,62
3134,4/9/2022,In-Store,2009,1002,7,1024,20,1039,18,3,45
3135,9/28/2019,In-Store,2026,1030,20,1038,10,1033,15,3,45
3136,4/13/2019,In-Store,2013,1041,5,1031,4,1035,10,3,19
3137,6/5/2019,In-Store,2010,1014,35,1025,20,1031,4,3,59
3138,6/6/2022,In-Store,2005,1012,12,1025,20,1039,18,3,50
3139,7/19/2021,In-Store,2003,1042,7.5,1028,20,1036,10,3,37.5
3140,9/12/2020,In-Store,2019,1004,22,1045,18,1048,18,3,58
3141,10/11/2020,In-Store,2019,1040,22,1024,20,1031,4,3,46
3142,9/15/2021,In-Store,2007,1044,5,1019,15,1006,12,3,32
3143,5/21/2021,UPS,2006,1029,20,1048,18,1048,18,3,56
3144,8/13/2021,UPS,2023,1007,12,1003,22,1002,7,3,41
3145,1/1/2020,UPS,2023,1008,12,1022,15,1041,5,3,32
3146,8/10/2022,UPS,2029,1035,10,1029,20,1046,18,3,48
3147,1/1/2021,UPS,2024,1012,12,1010,12,1030,20,3,44
3148,4/1/2022,UPS,2010,1015,35,1017,45,1045,18,3,98
3149,1/20/2019,In-Store,2003,1016,35,1003,22,1040,22,3,79
3150,12/9/2019,In-Store,2007,1037,10,1029,20,1024,20,3,50
3151,3/29/2022,In-Store,2024,1016,35,1022,15,1036,10,3,60
3152,12/1/2020,In-Store,2008,1024,20,1018,20,1043,85,3,125
3153,3/14/2019,In-Store,2007,1006,12,1049,7.5,1044,5,3,24.5
3154,3/4/2020,In-Store,2013,1010,12,1017,45,1018,20,3,77
3155,12/19/2021,In-Store,2014,1001,15,1007,12,1042,7.5,3,34.5
3156,2/26/2019,In-Store,2002,1041,5,1007,12,1037,10,3,27
3157,2/12/2022,In-Store,2010,1002,7,1032,15,1041,5,3,27
3158,9/17/2020,In-Store,2019,1023,15,1026,20,1004,22,3,57
3159,4/21/2019,In-Store,2011,1025,20,1033,15,1042,7.5,3,42.5
3160,1/23/2022,In-Store,2009,1024,20,1019,15,1029,20,3,55
3161,6/11/2019,UPS,2028,1009,12,1041,5,1035,10,3,27
3162,7/21/2021,UPS,2002,1043,85,1024,20,1002,7,3,112
3163,9/4/2021,UPS,2005,1038,10,1002,7,1023,15,3,32
3164,9/15/2021,UPS,2011,1006,12,1047,18,1043,85,3,115
3165,5/24/2020,UPS,2013,1023,15,1041,5,1021,15,3,35
3166,6/9/2020,UPS,2024,1003,22,1009,12,1024,20,3,54
3167,5/16/2019,In-Store,2010,1041,5,1042,7.5,1041,5,3,17.5
3168,10/29/2020,In-Store,2026,1031,4,1037,10,1020,15,3,29
3169,9/20/2022,In-Store,2004,1032,15,1020,15,1028,20,3,50
3170,7/8/2019,UPS,2011,1004,22,1014,35,1022,15,3,72
3171,9/21/2022,UPS,2012,1013,35,1026,20,1033,15,3,70
3172,1/28/2020,UPS,2027,1029,20,1038,10,1041,5,3,35
3173,3/5/2022,UPS,2013,1039,18,1029,20,1023,15,3,53
3174,5/10/2021,UPS,2014,1033,15,1028,20,1021,15,3,50
3175,1/31/2020,UPS,2025,1022,15,1045,18,1043,85,3,118
3176,2/15/2019,In-Store,2013,1027,20,1018,20,1011,12,3,52
3177,12/16/2020,In-Store,2013,1022,15,1033,15,1006,12,3,42
3178,3/2/2021,In-Store,2004,1028,20,1006,12,1036,10,3,42
3179,11/30/2020,In-Store,2014,1012,12,1037,10,1018,20,3,42
3180,2/16/2020,In-Store,2030,1038,10,1026,20,1040,22,3,52
3181,8/17/2022,In-Store,2022,1023,15,1036,10,1008,12,3,37
3182,1/1/2022,In-Store,2004,1018,20,1047,18,1044,5,3,43
3183,9/21/2022,In-Store,2029,1037,10,1003,22,1001,15,3,47
3184,6/17/2021,In-Store,2016,1005,12,1049,7.5,1003,22,3,41.5
3185,6/11/2022,UPS,2013,1007,12,1025,20,1011,12,3,44
3186,12/30/2021,UPS,2026,1005,12,1007,12,1003,22,3,46
3187,8/21/2020,UPS,2003,1021,15,1049,7.5,1021,15,3,37.5
3188,6/3/2019,In-Store,2016,1030,20,1039,18,1038,10,3,48
3189,1/11/2019,In-Store,2015,1009,12,1014,35,1019,15,3,62
3190,7/31/2022,In-Store,2001,1031,4,1043,85,1027,20,3,109
3191,7/28/2022,In-Store,2018,1015,35,1024,20,1015,35,3,90
3192,12/17/2019,In-Store,2006,1024,20,1022,15,1031,4,3,39
3193,7/27/2019,In-Store,2021,1002,7,1003,22,1018,20,3,49
3194,1/28/2021,In-Store,2010,1043,85,1049,7.5,1022,15,3,107.5
3195,2/14/2022,UPS,2002,1046,18,1002,7,1010,12,3,37
3196,7/11/2021,UPS,2018,1044,5,1007,12,1005,12,3,29
3197,2/16/2021,UPS,2027,1026,20,1026,20,1049,7.5,3,47.5
3198,2/20/2019,UPS,2014,1018,20,1037,10,1032,15,3,45
3199,4/22/2019,UPS,2006,1042,7.5,1027,20,1026,20,3,47.5
3200,8/12/2022,UPS,2003,1034,15,1044,5,1018,20,3,40
3201,9/22/2022,UPS,2017,1042,7.5,1006,12,1023,15,3,34.5
3202,3/3/2021,UPS,2021,1032,15,1014,35,1042,7.5,3,57.5
3203,1/3/2020,In-Store,2023,1002,7,1006,12,1038,10,3,29
3204,5/22/2020,In-Store,2025,1009,12,1030,20,1008,12,3,44
3205,7/3/2020,In-Store,2024,1005,12,1010,12,1009,12,3,36
3206,12/29/2019,In-Store,2013,1015,35,1038,10,1007,12,3,57
3207,12/18/2019,UPS,2012,1021,15,1036,10,1046,18,3,43
3208,2/4/2020,UPS,2012,1028,20,1009,12,1007,12,3,44
3209,9/3/2021,UPS,2030,1016,35,1010,12,1044,5,3,52
3210,5/4/2020,UPS,2007,1044,5,1002,7,1015,35,3,47
3211,1/24/2020,UPS,2030,1019,15,1030,20,1044,5,3,40
3212,10/9/2019,UPS,2011,1004,22,1021,15,1032,15,3,52
3213,3/27/2020,In-Store,2021,1030,20,1015,35,1041,5,3,60
3214,10/29/2020,In-Store,2013,1039,18,1010,12,1029,20,3,50
3215,1/22/2022,In-Store,2017,1005,12,1001,15,1027,20,3,47
3216,7/15/2021,In-Store,2002,1027,20,1028,20,1003,22,3,62
3217,12/2/2021,In-Store,2021,1043,85,1038,10,1038,10,3,105
3218,9/27/2022,In-Store,2030,1025,20,1021,15,1005,12,3,47
3219,7/29/2020,UPS,2029,1023,15,1019,15,1016,35,3,65
3220,7/9/2020,UPS,2014,1013,35,1039,18,1021,15,3,68
3221,10/14/2019,UPS,2017,1032,15,1037,10,1024,20,3,45
3222,5/24/2021,In-Store,2012,1018,20,1017,45,1048,18,3,83
3223,6/2/2021,In-Store,2015,1048,18,1022,15,1024,20,3,53
3224,5/29/2019,In-Store,2001,1017,45,1045,18,1037,10,3,73
3225,5/4/2022,In-Store,2007,1027,20,1022,15,1003,22,3,57
3226,2/24/2022,In-Store,2030,1024,20,1020,15,1007,12,3,47
3227,7/2/2022,In-Store,2018,1045,18,1007,12,1004,22,3,52
3228,2/27/2020,UPS,2024,1008,12,1041,5,1043,85,3,102
3229,9/26/2021,UPS,2011,1002,7,1010,12,1019,15,3,34
3230,3/20/2019,UPS,2014,1027,20,1019,15,1035,10,3,45
3231,5/22/2021,UPS,2004,1004,22,1032,15,1015,35,3,72
3232,3/20/2021,UPS,2024,1037,10,1003,22,1031,4,3,36
3233,9/20/2020,UPS,2007,1026,20,1045,18,1009,12,3,50
3234,5/30/2020,In-Store,2005,1010,12,1018,20,1037,10,3,42
3235,10/7/2021,In-Store,2015,1049,7.5,1008,12,1037,10,3,29.5
3236,9/18/2021,In-Store,2026,1032,15,1003,22,1037,10,3,47
3237,2/7/2020,In-Store,2005,1020,15,1018,20,1004,22,3,57
3238,10/26/2022,In-Store,2001,1027,20,1030,20,1037,10,3,50
3239,7/12/2019,In-Store,2026,1048,18,1011,12,1027,20,3,50
3240,4/21/2021,In-Store,2020,1034,15,1026,20,1029,20,3,55
3241,3/8/2020,In-Store,2021,1047,18,1046,18,1025,20,3,56
3242,9/30/2020,In-Store,2030,1024,20,1043,85,1014,35,3,140
3243,6/26/2022,UPS,2014,1007,12,1008,12,1013,35,3,59
3244,2/15/2021,UPS,2024,1021,15,1044,5,1044,5,3,25
3245,6/26/2020,UPS,2008,1016,35,1001,15,1017,45,3,95
3246,3/29/2021,UPS,2027,1003,22,1033,15,1023,15,3,52
3247,6/20/2019,UPS,2019,1035,10,1049,7.5,1012,12,3,29.5
3248,1/10/2021,UPS,2001,1042,7.5,1029,20,1045,18,3,45.5
3249,12/14/2019,In-Store,2017,1029,20,1018,20,1008,12,3,52
3250,6/16/2021,In-Store,2027,1019,15,1033,15,1013,35,3,65
3251,11/10/2021,In-Store,2010,1015,35,1021,15,1032,15,3,65
3252,2/13/2021,In-Store,2006,1047,18,1002,7,1039,18,3,43
3253,7/31/2020,In-Store,2005,1004,22,1015,35,1044,5,3,62
3254,10/16/2021,In-Store,2016,1010,12,1037,10,1022,15,3,37
3255,11/26/2020,In-Store,2012,1015,35,1045,18,1013,35,3,88
3256,1/3/2020,In-Store,2002,1019,15,1012,12,1027,20,3,47
3257,7/17/2021,In-Store,2013,1007,12,1040,22,1048,18,3,52
3258,3/31/2022,In-Store,2008,1031,4,1022,15,1037,10,3,29
3259,5/22/2020,In-Store,2015,1026,20,1032,15,1049,7.5,3,42.5
3260,10/19/2020,In-Store,2008,1045,18,1006,12,1034,15,3,45
3261,2/15/2019,UPS,2007,1022,15,1017,45,1008,12,3,72
3262,1/7/2019,UPS,2021,1029,20,1044,5,1027,20,3,45
3263,3/27/2019,UPS,2008,1006,12,1008,12,1004,22,3,46
3264,12/18/2020,UPS,2020,1016,35,1026,20,1049,7.5,3,62.5
3265,5/15/2022,UPS,2013,1034,15,1017,45,1048,18,3,78
3266,12/5/2019,UPS,2004,1020,15,1043,85,1019,15,3,115
3267,1/11/2021,In-Store,2017,1016,35,1031,4,1020,15,3,54
3268,7/21/2022,In-Store,2027,1015,35,1022,15,1025,20,3,70
3269,8/15/2020,In-Store,2013,1010,12,1028,20,1005,12,3,44
3270,11/20/2021,UPS,2014,1004,22,1044,5,1045,18,3,45
3271,4/8/2020,UPS,2027,1034,15,1001,15,1040,22,3,52
3272,8/27/2019,UPS,2002,1020,15,1006,12,1021,15,3,42
3273,1/5/2021,UPS,2001,1025,20,1004,22,1039,18,3,60
3274,7/26/2022,UPS,2024,1040,22,1043,85,1047,18,3,125
3275,7/26/2020,UPS,2006,1026,20,1009,12,1028,20,3,52
3276,6/19/2021,In-Store,2027,1001,15,1043,85,1008,12,3,112
3277,8/19/2019,In-Store,2013,1042,7.5,1026,20,1040,22,3,49.5
3278,11/12/2021,In-Store,2030,1025,20,1033,15,1033,15,3,50
3279,1/15/2020,In-Store,2008,1019,15,1042,7.5,1014,35,3,57.5
3280,6/9/2021,In-Store,2017,1030,20,1029,20,1041,5,3,45
3281,3/21/2022,In-Store,2002,1042,7.5,1031,4,1001,15,3,26.5
3282,6/4/2019,In-Store,2024,1048,18,1005,12,1005,12,3,42
3283,6/22/2020,In-Store,2013,1038,10,1041,5,1018,20,3,35
3284,6/6/2019,In-Store,2017,1022,15,1047,18,1015,35,3,68
3285,3/5/2021,UPS,2028,1035,10,1018,20,1014,35,3,65
3286,8/7/2021,UPS,2018,1042,7.5,1014,35,1045,18,3,60.5
3287,6/24/2020,UPS,2027,1035,10,1012,12,1036,10,3,32
3288,8/17/2020,In-Store,2012,1001,15,1034,15,1014,35,3,65
3289,12/23/2021,In-Store,2021,1003,22,1002,7,1005,12,3,41
3290,7/31/2020,In-Store,2023,1028,20,1012,12,1004,22,3,54
3291,10/28/2021,In-Store,2011,1044,5,1026,20,1019,15,3,40
3292,7/26/2019,In-Store,2024,1012,12,1039,18,1015,35,3,65
3293,3/20/2021,In-Store,2029,1024,20,1019,15,1032,15,3,50
3294,12/21/2021,In-Store,2021,1017,45,1032,15,1040,22,3,82
3295,12/12/2019,UPS,2014,1044,5,1011,12,1017,45,3,62
3296,10/20/2021,UPS,2020,1040,22,1037,10,1007,12,3,44
3297,9/8/2020,UPS,2012,1023,15,1029,20,1030,20,3,55
3298,10/27/2021,UPS,2007,1040,22,1017,45,1013,35,3,102
3299,3/30/2020,UPS,2020,1018,20,1032,15,1046,18,3,53
3300,2/2/2022,UPS,2024,1007,12,1008,12,1029,20,3,44
3301,5/9/2021,UPS,2016,1014,35,1010,12,1027,20,3,67
3302,10/29/2021,UPS,2011,1047,18,1009,12,1043,85,3,115
3303,12/11/2020,In-Store,2025,1037,10,1025,20,1026,20,3,50
3304,7/21/2020,In-Store,2012,1032,15,1001,15,1046,18,3,48
3305,3/13/2019,In-Store,2030,1015,35,1030,20,1044,5,3,60
3306,9/15/2020,In-Store,2023,1046,18,1011,12,1029,20,3,50
3307,4/24/2022,UPS,2016,1047,18,1001,15,1017,45,3,78
3308,12/8/2021,UPS,2030,1019,15,1009,12,1004,22,3,49
3309,11/18/2019,UPS,2028,1009,12,1025,20,1021,15,3,47
3310,6/3/2021,UPS,2025,1003,22,1043,85,1032,15,3,122
3311,12/19/2021,UPS,2005,1044,5,1002,7,1032,15,3,27
3312,10/14/2021,UPS,2013,1025,20,1046,18,1020,15,3,53
3313,11/26/2019,In-Store,2030,1029,20,1012,12,1041,5,3,37
3314,8/1/2019,In-Store,2030,1012,12,1008,12,1002,7,3,31
3315,4/21/2021,In-Store,2005,1046,18,1040,22,1017,45,3,85
3316,10/18/2021,In-Store,2003,1049,7.5,1031,4,1034,15,3,26.5
3317,10/28/2021,In-Store,2014,1009,12,1020,15,1034,15,3,42
3318,10/4/2021,In-Store,2013,1029,20,1026,20,1035,10,3,50
3319,5/21/2022,UPS,2008,1028,20,1004,22,1011,12,3,54
3320,3/15/2020,UPS,2002,1024,20,1022,15,1027,20,3,55
3321,4/8/2019,UPS,2028,1018,20,1043,85,1045,18,3,123
3322,9/16/2022,In-Store,2004,1030,20,1031,4,1011,12,3,36
3323,10/28/2019,In-Store,2015,1020,15,1023,15,1023,15,3,45
3324,1/1/2022,In-Store,2020,1002,7,1013,35,1035,10,3,52
3325,9/9/2021,In-Store,2013,1001,15,1033,15,1006,12,3,42
3326,11/1/2020,In-Store,2020,1044,5,1035,10,1001,15,3,30
3327,12/10/2021,In-Store,2008,1048,18,1038,10,1016,35,3,63
3328,8/1/2022,UPS,2025,1010,12,1031,4,1039,18,3,34
3329,1/24/2022,UPS,2005,1037,10,1001,15,1007,12,3,37
3330,9/8/2019,UPS,2010,1040,22,1001,15,1049,7.5,3,44.5
3331,5/11/2019,UPS,2009,1030,20,1015,35,1006,12,3,67
3332,5/15/2019,UPS,2024,1017,45,1008,12,1021,15,3,72
3333,12/26/2020,UPS,2014,1013,35,1034,15,1044,5,3,55
3334,11/14/2021,In-Store,2008,1028,20,1017,45,1015,35,3,100
3335,10/30/2020,In-Store,2012,1046,18,1043,85,1022,15,3,118
3336,3/21/2019,In-Store,2011,1014,35,1014,35,1041,5,3,75
3337,10/10/2020,In-Store,2003,1005,12,1032,15,1048,18,3,45
3338,4/24/2021,In-Store,2025,1011,12,1009,12,1032,15,3,39
3339,3/7/2019,In-Store,2018,1027,20,1038,10,1010,12,3,42
3340,11/1/2020,In-Store,2013,1036,10,1042,7.5,1042,7.5,3,25
3341,1/30/2022,In-Store,2003,1033,15,1043,85,1022,15,3,115
3342,9/12/2021,In-Store,2011,1033,15,1049,7.5,1042,7.5,3,30
3343,3/23/2022,UPS,2006,1011,12,1026,20,1047,18,3,50
3344,6/11/2021,UPS,2021,1015,35,1049,7.5,1007,12,3,54.5
3345,4/22/2019,UPS,2004,1014,35,1011,12,1017,45,3,92
3346,9/4/2020,UPS,2019,1029,20,1036,10,1020,15,3,45
3347,8/3/2021,UPS,2007,1032,15,1041,5,1031,4,3,24
3348,6/18/2022,UPS,2022,1036,10,1002,7,1005,12,3,29
3349,6/20/2022,In-Store,2023,1006,12,1010,12,1039,18,3,42
3350,2/2/2019,In-Store,2001,1025,20,1013,35,1015,35,3,90
3351,2/24/2019,In-Store,2004,1023,15,1041,5,1019,15,3,35
3352,8/9/2022,In-Store,2013,1035,10,1040,22,1003,22,3,54
3353,12/25/2020,In-Store,2005,1012,12,1011,12,1038,10,3,34
3354,2/12/2020,In-Store,2003,1009,12,1042,7.5,1011,12,3,31.5
3355,1/21/2021,In-Store,2024,1030,20,1029,20,1015,35,3,75
3356,10/29/2022,In-Store,2011,1019,15,1045,18,1029,20,3,53
3357,5/4/2021,In-Store,2024,1015,35,1020,15,1033,15,3,65
3358,9/2/2022,In-Store,2016,1021,15,1033,15,1041,5,3,35
3359,3/25/2021,In-Store,2018,1010,12,1006,12,1023,15,3,39
3360,3/14/2019,In-Store,2001,1023,15,1018,20,1040,22,3,57
3361,2/27/2019,UPS,2011,1029,20,1005,12,1037,10,3,42
3362,6/9/2019,UPS,2013,1001,15,1022,15,1041,5,3,35
3363,7/25/2022,UPS,2014,1035,10,1014,35,1002,7,3,52
3364,6/23/2020,UPS,2022,1008,12,1027,20,1037,10,3,42
3365,12/19/2020,UPS,2003,1047,18,1005,12,1007,12,3,42
3366,1/24/2022,UPS,2004,1015,35,1029,20,1009,12,3,67
3367,8/31/2022,In-Store,2007,1038,10,1049,7.5,1047,18,3,35.5
3368,10/17/2019,In-Store,2025,1007,12,1044,5,1012,12,3,29
3369,7/31/2020,In-Store,2021,1039,18,1038,10,1048,18,3,46
3370,7/22/2019,UPS,2021,1015,35,1043,85,1025,20,3,140
3371,2/4/2021,UPS,2024,1023,15,1047,18,1008,12,3,45
3372,2/9/2021,UPS,2021,1018,20,1038,10,1043,85,3,115
3373,11/13/2020,UPS,2026,1033,15,1045,18,1031,4,3,37
3374,7/8/2021,UPS,2007,1023,15,1016,35,1028,20,3,70
3375,2/11/2022,UPS,2009,1038,10,1043,85,1046,18,3,113
3376,8/23/2021,In-Store,2026,1019,15,1041,5,1017,45,3,65
3377,1/14/2022,In-Store,2018,1018,20,1001,15,1036,10,3,45
3378,4/25/2022,In-Store,2021,1017,45,1039,18,1043,85,3,148
3379,2/8/2019,In-Store,2030,1047,18,1012,12,1028,20,3,50
3380,6/21/2019,In-Store,2018,1017,45,1037,10,1042,7.5,3,62.5
3381,11/15/2020,In-Store,2016,1021,15,1040,22,1041,5,3,42
3382,6/30/2019,In-Store,2020,1034,15,1006,12,1018,20,3,47
3383,2/13/2021,In-Store,2021,1023,15,1018,20,1049,7.5,3,42.5
3384,6/13/2022,In-Store,2008,1019,15,1026,20,1023,15,3,50
3385,4/25/2021,UPS,2029,1032,15,1019,15,1030,20,3,50
3386,8/23/2020,UPS,2008,1024,20,1045,18,1006,12,3,50
3387,3/8/2022,UPS,2027,1019,15,1037,10,1019,15,3,40
3388,7/19/2022,In-Store,2027,1014,35,1042,7.5,1039,18,3,60.5
3389,4/4/2021,In-Store,2001,1026,20,1021,15,1016,35,3,70
3390,8/16/2020,In-Store,2009,1026,20,1035,10,1030,20,3,50
3391,10/26/2019,In-Store,2013,1005,12,1014,35,1046,18,3,65
3392,8/30/2020,In-Store,2024,1024,20,1013,35,1041,5,3,60
3393,2/14/2021,In-Store,2020,1013,35,1039,18,1014,35,3,88
3394,4/10/2019,In-Store,2004,1019,15,1029,20,1029,20,3,55
3395,6/30/2020,UPS,2009,1014,35,1043,85,1006,12,3,132
3396,9/19/2022,UPS,2030,1028,20,1009,12,1006,12,3,44
3397,7/29/2020,UPS,2011,1010,12,1034,15,1030,20,3,47
3398,10/16/2020,UPS,2028,1005,12,1037,10,1014,35,3,57
3399,6/17/2022,UPS,2029,1046,18,1001,15,1027,20,3,53
3400,9/16/2019,UPS,2002,1018,20,1028,20,1018,20,3,60
3401,11/12/2019,UPS,2009,1009,12,1048,18,1013,35,3,65
3402,9/2/2022,UPS,2003,1035,10,1003,22,1027,20,3,52
3403,7/25/2022,In-Store,2006,1035,10,1025,20,1043,85,3,115
3404,8/28/2020,In-Store,2028,1026,20,1025,20,1005,12,3,52
3405,7/1/2020,In-Store,2030,1020,15,1042,7.5,1032,15,3,37.5
3406,8/19/2019,In-Store,2018,1014,35,1023,15,1017,45,3,95
3407,8/16/2022,UPS,2018,1030,20,1012,12,1021,15,3,47
3408,12/15/2021,UPS,2022,1012,12,1049,7.5,1003,22,3,41.5
3409,12/17/2019,UPS,2024,1029,20,1049,7.5,1037,10,3,37.5
3410,1/30/2019,UPS,2027,1036,10,1048,18,1004,22,3,50
3411,2/13/2021,UPS,2015,1013,35,1022,15,1030,20,3,70
3412,10/8/2021,UPS,2001,1009,12,1032,15,1032,15,3,42
3413,9/19/2022,In-Store,2002,1010,12,1031,4,1004,22,3,38
3414,9/19/2020,In-Store,2026,1009,12,1016,35,1017,45,3,92
3415,10/9/2019,In-Store,2011,1036,10,1036,10,1028,20,3,40
3416,6/19/2019,In-Store,2020,1009,12,1014,35,1046,18,3,65
3417,2/15/2020,In-Store,2016,1039,18,1025,20,1011,12,3,50
3418,2/6/2021,In-Store,2001,1012,12,1018,20,1021,15,3,47
3419,11/28/2020,UPS,2014,1045,18,1006,12,1046,18,3,48
3420,10/11/2022,UPS,2017,1036,10,1002,7,1015,35,3,52
3421,6/27/2019,UPS,2008,1011,12,1022,15,1041,5,3,32
3422,11/22/2021,In-Store,2001,1034,15,1028,20,1008,12,3,47
3423,12/21/2020,In-Store,2012,1025,20,1008,12,1014,35,3,67
3424,7/8/2021,In-Store,2008,1001,15,1015,35,1025,20,3,70
3425,5/17/2021,In-Store,2018,1006,12,1043,85,1026,20,3,117
3426,10/9/2021,In-Store,2002,1035,10,1040,22,1046,18,3,50
3427,2/18/2022,In-Store,2020,1011,12,1024,20,1019,15,3,47
3428,6/20/2020,UPS,2019,1042,7.5,1036,10,1007,12,3,29.5
3429,3/29/2019,UPS,2003,1039,18,1032,15,1030,20,3,53
3430,1/21/2019,UPS,2019,1038,10,1043,85,1015,35,3,130
3431,3/14/2019,UPS,2014,1019,15,1012,12,1004,22,3,49
3432,5/26/2022,UPS,2023,1026,20,1018,20,1021,15,3,55
3433,11/7/2020,UPS,2002,1046,18,1005,12,1009,12,3,42
3434,8/9/2020,In-Store,2029,1031,4,1006,12,1036,10,3,26
3435,8/16/2020,In-Store,2028,1009,12,1021,15,1044,5,3,32
3436,8/24/2021,In-Store,2027,1025,20,1045,18,1043,85,3,123
3437,10/3/2020,In-Store,2008,1042,7.5,1033,15,1042,7.5,3,30
3438,4/1/2021,In-Store,2007,1049,7.5,1008,12,1020,15,3,34.5
3439,8/23/2021,In-Store,2023,1045,18,1015,35,1022,15,3,68
3440,4/1/2022,In-Store,2005,1040,22,1001,15,1018,20,3,57
3441,5/27/2019,In-Store,2009,1020,15,1049,7.5,1025,20,3,42.5
3442,4/3/2021,In-Store,2009,1022,15,1005,12,1022,15,3,42
3443,8/20/2021,UPS,2002,1021,15,1019,15,1024,20,3,50
3444,1/10/2021,UPS,2013,1033,15,1014,35,1044,5,3,55
3445,2/28/2022,UPS,2027,1042,7.5,1018,20,1001,15,3,42.5
3446,7/18/2020,UPS,2026,1008,12,1033,15,1015,35,3,62
3447,2/20/2019,UPS,2009,1033,15,1022,15,1006,12,3,42
3448,3/6/2022,UPS,2017,1004,22,1005,12,1006,12,3,46
3449,10/15/2022,In-Store,2014,1017,45,1001,15,1019,15,3,75
3450,8/29/2019,In-Store,2014,1043,85,1040,22,1030,20,3,127
3451,6/3/2020,In-Store,2014,1040,22,1049,7.5,1034,15,3,44.5
3452,8/26/2022,In-Store,2021,1016,35,1026,20,1039,18,3,73
3453,5/5/2022,In-Store,2002,1046,18,1033,15,1027,20,3,53
3454,12/6/2021,In-Store,2016,1030,20,1019,15,1045,18,3,53
3455,2/8/2021,In-Store,2013,1002,7,1045,18,1016,35,3,60
3456,9/27/2019,In-Store,2020,1015,35,1046,18,1002,7,3,60
3457,5/11/2021,In-Store,2019,1007,12,1006,12,1026,20,3,44
3458,2/19/2020,In-Store,2007,1005,12,1042,7.5,1019,15,3,34.5
3459,4/4/2022,In-Store,2013,1007,12,1040,22,1026,20,3,54
3460,2/5/2019,In-Store,2013,1019,15,1043,85,1004,22,3,122
3461,5/19/2021,UPS,2029,1033,15,1026,20,1028,20,3,55
3462,6/2/2021,UPS,2024,1017,45,1028,20,1043,85,3,150
3463,11/18/2021,UPS,2003,1045,18,1035,10,1029,20,3,48
3464,7/2/2020,UPS,2026,1017,45,1046,18,1036,10,3,73
3465,1/1/2019,UPS,2025,1021,15,1016,35,1018,20,3,70
3466,4/29/2021,UPS,2024,1007,12,1026,20,1001,15,3,47
3467,1/29/2021,In-Store,2021,1004,22,1027,20,1012,12,3,54
3468,10/23/2022,In-Store,2015,1002,7,1026,20,1048,18,3,45
3469,5/25/2021,In-Store,2013,1041,5,1002,7,1001,15,3,27
3470,5/18/2020,UPS,2018,1044,5,1045,18,1034,15,3,38
3471,5/7/2022,UPS,2027,1046,18,1044,5,1001,15,3,38
3472,9/16/2019,UPS,2017,1004,22,1047,18,1026,20,3,60
3473,1/5/2021,UPS,2025,1007,12,1011,12,1025,20,3,44
3474,12/11/2019,UPS,2018,1046,18,1021,15,1007,12,3,45
3475,8/30/2021,UPS,2017,1013,35,1044,5,1022,15,3,55
3476,3/7/2020,In-Store,2010,1037,10,1046,18,1012,12,3,40
3477,12/9/2020,In-Store,2027,1037,10,1021,15,1014,35,3,60
3478,10/23/2019,In-Store,2016,1015,35,1004,22,1043,85,3,142
3479,7/18/2020,In-Store,2015,1030,20,1013,35,1011,12,3,67
3480,11/10/2021,In-Store,2008,1032,15,1012,12,1015,35,3,62
3481,3/17/2021,In-Store,2023,1009,12,1041,5,1004,22,3,39
3482,8/30/2019,In-Store,2014,1039,18,1020,15,1037,10,3,43
3483,6/20/2021,In-Store,2011,1017,45,1036,10,1021,15,3,70
3484,2/17/2019,In-Store,2002,1035,10,1049,7.5,1018,20,3,37.5
3485,4/18/2020,UPS,2014,1004,22,1008,12,1005,12,3,46
3486,6/16/2019,UPS,2020,1021,15,1039,18,1022,15,3,48
3487,3/9/2020,UPS,2002,1039,18,1032,15,1035,10,3,43
3488,5/1/2022,In-Store,2008,1015,35,1027,20,1015,35,3,90
3489,12/19/2019,In-Store,2017,1034,15,1013,35,1019,15,3,65
3490,6/21/2019,In-Store,2019,1040,22,1014,35,1041,5,3,62
3491,4/11/2022,In-Store,2009,1037,10,1033,15,1044,5,3,30
3492,3/31/2020,In-Store,2015,1008,12,1035,10,1008,12,3,34
3493,8/13/2022,In-Store,2006,1047,18,1003,22,1025,20,3,60
3494,9/17/2019,In-Store,2027,1027,20,1012,12,1027,20,3,52
3495,7/14/2019,UPS,2018,1017,45,1009,12,1032,15,3,72
3496,9/6/2019,UPS,2005,1015,35,1002,7,1037,10,3,52
3497,7/25/2021,UPS,2029,1042,7.5,1026,20,1045,18,3,45.5
3498,6/1/2020,UPS,2017,1042,7.5,1037,10,1018,20,3,37.5
3499,7/1/2022,UPS,2016,1033,15,1048,18,1047,18,3,51
3500,8/10/2021,UPS,2020,1029,20,1007,12,1010,12,3,44
3501,9/2/2022,UPS,2012,1028,20,1021,15,1029,20,3,55
3502,2/26/2021,UPS,2022,1024,20,1013,35,1041,5,3,60
3503,7/4/2021,In-Store,2002,1012,12,1023,15,1024,20,3,47
3504,1/27/2020,In-Store,2003,1006,12,1016,35,1043,85,3,132
3505,6/30/2021,In-Store,2020,1049,7.5,1027,20,1004,22,3,49.5
3506,1/28/2020,In-Store,2011,1024,20,1013,35,1042,7.5,3,62.5
3507,7/24/2019,UPS,2007,1011,12,1039,18,1026,20,3,50
3508,11/17/2020,UPS,2014,1045,18,1006,12,1043,85,3,115
3509,1/25/2021,UPS,2010,1016,35,1008,12,1005,12,3,59
3510,6/9/2022,UPS,2002,1044,5,1035,10,1048,18,3,33
3511,11/12/2021,UPS,2011,1049,7.5,1018,20,1017,45,3,72.5
3512,12/21/2020,UPS,2010,1045,18,1049,7.5,1010,12,3,37.5
3513,12/31/2019,In-Store,2028,1002,7,1036,10,1006,12,3,29
3514,12/20/2021,In-Store,2014,1007,12,1046,18,1036,10,3,40
3515,12/30/2020,In-Store,2006,1024,20,1045,18,1007,12,3,50
3516,6/28/2022,In-Store,2011,1045,18,1032,15,1023,15,3,48
3517,11/24/2020,In-Store,2020,1048,18,1018,20,1018,20,3,58
3518,2/8/2020,In-Store,2017,1048,18,1033,15,1011,12,3,45
3519,12/23/2020,UPS,2010,1032,15,1037,10,1015,35,3,60
3520,10/7/2022,UPS,2030,1015,35,1036,10,1019,15,3,60
3521,9/17/2021,UPS,2025,1049,7.5,1046,18,1021,15,3,40.5
3522,8/30/2020,In-Store,2007,1019,15,1017,45,1014,35,3,95
3523,8/10/2019,In-Store,2005,1032,15,1033,15,1029,20,3,50
3524,6/30/2019,In-Store,2018,1048,18,1006,12,1027,20,3,50
3525,1/23/2021,In-Store,2019,1045,18,1032,15,1010,12,3,45
3526,7/11/2019,In-Store,2029,1021,15,1048,18,1002,7,3,40
3527,7/11/2021,In-Store,2017,1028,20,1022,15,1022,15,3,50
3528,12/15/2021,UPS,2005,1018,20,1007,12,1010,12,3,44
3529,6/23/2021,UPS,2005,1013,35,1031,4,1029,20,3,59
3530,5/24/2020,UPS,2029,1035,10,1042,7.5,1037,10,3,27.5
3531,12/27/2021,UPS,2028,1004,22,1025,20,1048,18,3,60
3532,1/11/2019,UPS,2030,1030,20,1024,20,1006,12,3,52
3533,1/20/2022,UPS,2008,1016,35,1020,15,1035,10,3,60
3534,8/28/2022,In-Store,2012,1014,35,1006,12,1010,12,3,59
3535,6/13/2021,In-Store,2021,1007,12,1041,5,1013,35,3,52
3536,4/10/2019,In-Store,2021,1016,35,1019,15,1041,5,3,55
3537,9/17/2022,In-Store,2004,1020,15,1038,10,1044,5,3,30
3538,8/6/2021,In-Store,2008,1003,22,1040,22,1006,12,3,56
3539,3/30/2021,In-Store,2026,1035,10,1035,10,1013,35,3,55
3540,1/1/2022,In-Store,2009,1002,7,1019,15,1020,15,3,37
3541,8/6/2019,In-Store,2009,1009,12,1015,35,1045,18,3,65
3542,9/27/2020,In-Store,2020,1046,18,1047,18,1021,15,3,51
3543,4/24/2020,UPS,2009,1021,15,1046,18,1039,18,3,51
3544,12/23/2021,UPS,2017,1002,7,1014,35,1041,5,3,47
3545,10/5/2019,UPS,2007,1042,7.5,1018,20,1037,10,3,37.5
3546,9/10/2020,UPS,2023,1031,4,1042,7.5,1026,20,3,31.5
3547,8/28/2020,UPS,2006,1037,10,1022,15,1028,20,3,45
3548,12/9/2019,UPS,2003,1042,7.5,1005,12,1004,22,3,41.5
3549,1/12/2022,In-Store,2028,1004,22,1021,15,1009,12,3,49
3550,9/29/2020,In-Store,2008,1005,12,1004,22,1026,20,3,54
3551,1/15/2022,In-Store,2030,1040,22,1047,18,1005,12,3,52
3552,5/4/2019,In-Store,2013,1010,12,1014,35,1016,35,3,82
3553,6/7/2019,In-Store,2004,1043,85,1017,45,1003,22,3,152
3554,12/18/2019,In-Store,2003,1045,18,1009,12,1024,20,3,50
3555,5/19/2022,In-Store,2011,1009,12,1037,10,1028,20,3,42
3556,9/2/2020,In-Store,2026,1018,20,1032,15,1036,10,3,45
3557,6/18/2020,In-Store,2005,1008,12,1026,20,1037,10,3,42
3558,7/1/2020,In-Store,2003,1039,18,1023,15,1035,10,3,43
3559,5/3/2021,In-Store,2029,1030,20,1008,12,1018,20,3,52
3560,3/13/2020,In-Store,2024,1003,22,1016,35,1044,5,3,62
3561,2/15/2021,UPS,2006,1001,15,1045,18,1011,12,3,45
3562,10/30/2021,UPS,2021,1020,15,1045,18,1046,18,3,51
3563,4/14/2019,UPS,2030,1003,22,1038,10,1032,15,3,47
3564,9/30/2022,UPS,2015,1011,12,1028,20,1002,7,3,39
3565,12/28/2020,UPS,2023,1006,12,1043,85,1045,18,3,115
3566,12/13/2019,UPS,2027,1041,5,1013,35,1027,20,3,60
3567,5/5/2022,In-Store,2030,1024,20,1025,20,1015,35,3,75
3568,10/6/2022,In-Store,2022,1013,35,1047,18,1010,12,3,65
3569,10/17/2022,In-Store,2026,1046,18,1019,15,1014,35,3,68
3570,8/5/2019,UPS,2021,1023,15,1046,18,1018,20,3,53
3571,4/18/2022,UPS,2005,1027,20,1027,20,1029,20,3,60
3572,9/8/2019,UPS,2002,1040,22,1038,10,1033,15,3,47
3573,9/21/2019,UPS,2027,1009,12,1028,20,1001,15,3,47
3574,1/2/2022,UPS,2012,1040,22,1005,12,1021,15,3,49
3575,6/14/2021,UPS,2009,1004,22,1011,12,1013,35,3,69
3576,7/27/2020,In-Store,2021,1003,22,1010,12,1024,20,3,54
3577,10/11/2019,In-Store,2030,1035,10,1029,20,1017,45,3,75
3578,12/20/2021,In-Store,2018,1028,20,1022,15,1019,15,3,50
3579,3/27/2020,In-Store,2025,1007,12,1046,18,1024,20,3,50
3580,2/12/2021,In-Store,2023,1001,15,1010,12,1024,20,3,47
3581,2/7/2022,In-Store,2009,1032,15,1017,45,1041,5,3,65
3582,7/14/2019,In-Store,2021,1047,18,1037,10,1020,15,3,43
3583,6/17/2019,In-Store,2003,1017,45,1039,18,1033,15,3,78
3584,3/30/2022,In-Store,2019,1037,10,1012,12,1013,35,3,57
3585,6/8/2020,UPS,2006,1005,12,1014,35,1007,12,3,59
3586,10/8/2022,UPS,2019,1005,12,1020,15,1004,22,3,49
3587,8/10/2020,UPS,2025,1001,15,1042,7.5,1015,35,3,57.5
3588,9/24/2021,In-Store,2009,1039,18,1041,5,1008,12,3,35
3589,8/24/2021,In-Store,2010,1042,7.5,1037,10,1033,15,3,32.5
3590,9/26/2021,In-Store,2006,1001,15,1024,20,1010,12,3,47
3591,8/2/2019,In-Store,2030,1019,15,1008,12,1048,18,3,45
3592,1/16/2022,In-Store,2017,1018,20,1014,35,1020,15,3,70
3593,5/1/2019,In-Store,2011,1011,12,1016,35,1025,20,3,67
3594,7/31/2022,In-Store,2019,1006,12,1025,20,1022,15,3,47
3595,4/16/2019,UPS,2010,1030,20,1033,15,1035,10,3,45
3596,5/6/2020,UPS,2007,1006,12,1038,10,1001,15,3,37
3597,4/13/2019,UPS,2024,1031,4,1028,20,1036,10,3,34
3598,11/14/2020,UPS,2007,1041,5,1009,12,1042,7.5,3,24.5
3599,6/12/2021,UPS,2015,1003,22,1036,10,1043,85,3,117
3600,2/1/2022,UPS,2021,1033,15,1027,20,1034,15,3,50
3601,9/11/2022,UPS,2001,1042,7.5,1010,12,1001,15,3,34.5
3602,1/21/2021,UPS,2002,1043,85,1023,15,1049,7.5,3,107.5
3603,10/18/2022,In-Store,2013,1046,18,1048,18,1036,10,3,46
3604,3/23/2021,In-Store,2021,1038,10,1001,15,1006,12,3,37
3605,3/21/2019,In-Store,2020,1044,5,1026,20,1049,7.5,3,32.5
3606,2/24/2019,In-Store,2007,1008,12,1047,18,1038,10,3,40
3607,4/21/2021,UPS,2003,1035,10,1049,7.5,1017,45,3,62.5
3608,11/5/2021,UPS,2030,1009,12,1023,15,1027,20,3,47
3609,10/3/2019,UPS,2001,1022,15,1042,7.5,1009,12,3,34.5
3610,5/23/2022,UPS,2028,1035,10,1020,15,1013,35,3,60
3611,10/11/2021,UPS,2020,1022,15,1045,18,1007,12,3,45
3612,2/7/2020,UPS,2012,1016,35,1042,7.5,1023,15,3,57.5
3613,10/5/2021,In-Store,2016,1012,12,1007,12,1040,22,3,46
3614,2/10/2020,In-Store,2001,1011,12,1034,15,1022,15,3,42
3615,4/10/2020,In-Store,2021,1015,35,1033,15,1014,35,3,85
3616,8/5/2022,In-Store,2017,1017,45,1005,12,1017,45,3,102
3617,3/14/2019,In-Store,2006,1022,15,1029,20,1042,7.5,3,42.5
3618,12/10/2020,In-Store,2009,1023,15,1047,18,1047,18,3,51
3619,10/27/2019,UPS,2009,1030,20,1010,12,1003,22,3,54
3620,8/5/2020,UPS,2024,1040,22,1017,45,1016,35,3,102
3621,8/11/2022,UPS,2015,1037,10,1034,15,1014,35,3,60
3622,8/7/2021,In-Store,2008,1024,20,1049,7.5,1041,5,3,32.5
3623,7/29/2022,In-Store,2016,1015,35,1032,15,1046,18,3,68
3624,7/25/2021,In-Store,2026,1026,20,1042,7.5,1010,12,3,39.5
3625,2/3/2022,In-Store,2028,1013,35,1006,12,1022,15,3,62
3626,8/21/2020,In-Store,2021,1045,18,1013,35,1002,7,3,60
3627,1/23/2021,In-Store,2010,1036,10,1001,15,1046,18,3,43
3628,8/10/2022,UPS,2008,1021,15,1019,15,1006,12,3,42
3629,5/26/2020,UPS,2006,1043,85,1026,20,1029,20,3,125
3630,1/9/2020,UPS,2020,1028,20,1031,4,1018,20,3,44
3631,10/28/2020,UPS,2008,1014,35,1018,20,1009,12,3,67
3632,8/21/2021,UPS,2016,1013,35,1008,12,1042,7.5,3,54.5
3633,11/13/2021,UPS,2018,1023,15,1006,12,1004,22,3,49
3634,2/10/2021,In-Store,2010,1047,18,1023,15,1026,20,3,53
3635,7/5/2019,In-Store,2007,1001,15,1035,10,1035,10,3,35
3636,9/16/2021,In-Store,2025,1037,10,1010,12,1014,35,3,57
3637,1/14/2020,In-Store,2030,1027,20,1049,7.5,1028,20,3,47.5
3638,2/9/2020,In-Store,2024,1035,10,1019,15,1016,35,3,60
3639,1/21/2022,In-Store,2009,1048,18,1019,15,1041,5,3,38
3640,5/22/2022,In-Store,2025,1030,20,1028,20,1022,15,3,55
3641,12/19/2020,In-Store,2012,1040,22,1048,18,1017,45,3,85
3642,12/26/2019,In-Store,2007,1027,20,1003,22,1043,85,3,127
3643,9/24/2021,UPS,2014,1024,20,1016,35,1013,35,3,90
3644,5/15/2020,UPS,2025,1007,12,1031,4,1023,15,3,31
3645,2/29/2020,UPS,2017,1029,20,1035,10,1016,35,3,65
3646,8/6/2022,UPS,2028,1009,12,1008,12,1015,35,3,59
3647,8/4/2021,UPS,2013,1021,15,1049,7.5,1032,15,3,37.5
3648,4/1/2021,UPS,2024,1002,7,1016,35,1027,20,3,62
3649,3/22/2022,In-Store,2004,1007,12,1015,35,1017,45,3,92
3650,5/11/2019,In-Store,2003,1020,15,1043,85,1012,12,3,112
3651,10/30/2021,In-Store,2006,1007,12,1046,18,1028,20,3,50
3652,1/18/2020,In-Store,2022,1036,10,1037,10,1015,35,3,55
3653,6/18/2021,In-Store,2015,1007,12,1006,12,1005,12,3,36
3654,5/17/2021,In-Store,2005,1028,20,1040,22,1046,18,3,60
3655,3/22/2022,In-Store,2011,1021,15,1010,12,1013,35,3,62
3656,4/13/2019,In-Store,2008,1007,12,1032,15,1005,12,3,39
3657,10/2/2019,In-Store,2011,1038,10,1012,12,1016,35,3,57
3658,5/6/2021,In-Store,2011,1042,7.5,1040,22,1017,45,3,74.5
3659,5/10/2022,In-Store,2006,1015,35,1011,12,1010,12,3,59
3660,10/29/2022,In-Store,2008,1037,10,1037,10,1025,20,3,40
3661,2/1/2020,UPS,2010,1005,12,1037,10,1017,45,3,67
3662,10/10/2021,UPS,2008,1022,15,1014,35,1022,15,3,65
3663,8/17/2021,UPS,2007,1031,4,1018,20,1008,12,3,36
3664,11/14/2019,UPS,2020,1002,7,1037,10,1030,20,3,37
3665,10/6/2019,UPS,2012,1019,15,1022,15,1043,85,3,115
3666,6/19/2019,UPS,2015,1014,35,1007,12,1028,20,3,67
3667,7/5/2022,In-Store,2008,1030,20,1048,18,1034,15,3,53
3668,8/30/2020,In-Store,2012,1014,35,1018,20,1033,15,3,70
3669,9/16/2020,In-Store,2002,1032,15,1031,4,1009,12,3,31
3670,1/18/2019,UPS,2008,1047,18,1014,35,1006,12,3,65
3671,2/22/2020,UPS,2008,1008,12,1005,12,1034,15,3,39
3672,9/14/2022,UPS,2002,1042,7.5,1015,35,1018,20,3,62.5
3673,10/25/2021,UPS,2022,1039,18,1039,18,1019,15,3,51
3674,7/20/2019,UPS,2028,1004,22,1033,15,1034,15,3,52
3675,10/27/2021,UPS,2011,1035,10,1037,10,1013,35,3,55
3676,1/12/2020,In-Store,2023,1017,45,1016,35,1049,7.5,3,87.5
3677,6/17/2019,In-Store,2028,1042,7.5,1037,10,1012,12,3,29.5
3678,4/26/2021,In-Store,2007,1049,7.5,1020,15,1044,5,3,27.5
3679,6/10/2019,In-Store,2017,1049,7.5,1007,12,1020,15,3,34.5
3680,4/23/2020,In-Store,2023,1035,10,1026,20,1021,15,3,45
3681,11/21/2019,In-Store,2004,1014,35,1016,35,1010,12,3,82
3682,3/16/2020,In-Store,2005,1011,12,1008,12,1013,35,3,59
3683,2/21/2020,In-Store,2005,1002,7,1027,20,1034,15,3,42
3684,2/9/2022,In-Store,2001,1023,15,1041,5,1021,15,3,35
3685,10/12/2021,UPS,2018,1031,4,1020,15,1018,20,3,39
3686,8/4/2020,UPS,2028,1024,20,1037,10,1002,7,3,37
3687,6/9/2019,UPS,2011,1011,12,1036,10,1017,45,3,67
3688,12/28/2020,In-Store,2018,1018,20,1023,15,1038,10,3,45
3689,5/3/2020,In-Store,2010,1008,12,1007,12,1030,20,3,44
3690,9/12/2020,In-Store,2004,1015,35,1046,18,1048,18,3,71
3691,10/13/2020,In-Store,2001,1028,20,1026,20,1013,35,3,75
3692,4/21/2022,In-Store,2008,1002,7,1008,12,1007,12,3,31
3693,10/19/2021,In-Store,2022,1005,12,1036,10,1011,12,3,34
3694,7/30/2021,In-Store,2010,1044,5,1039,18,1035,10,3,33
3695,5/1/2019,UPS,2016,1010,12,1043,85,1025,20,3,117
3696,6/25/2022,UPS,2022,1040,22,1033,15,1012,12,3,49
3697,6/3/2019,UPS,2011,1046,18,1032,15,1016,35,3,68
3698,2/7/2022,UPS,2020,1039,18,1028,20,1019,15,3,53
3699,1/23/2020,UPS,2028,1004,22,1040,22,1021,15,3,59
3700,10/27/2020,UPS,2029,1040,22,1033,15,1006,12,3,49
3701,12/1/2020,UPS,2007,1047,18,1025,20,1029,20,3,58
3702,3/25/2019,UPS,2007,1026,20,1015,35,1048,18,3,73
3703,11/17/2020,In-Store,2023,1039,18,1013,35,1009,12,3,65
3704,8/26/2019,In-Store,2017,1027,20,1017,45,1030,20,3,85
3705,7/13/2020,In-Store,2010,1014,35,1005,12,1046,18,3,65
3706,9/10/2021,In-Store,2004,1030,20,1026,20,1038,10,3,50
3707,11/19/2021,UPS,2004,1035,10,1013,35,1044,5,3,50
3708,10/6/2019,UPS,2020,1035,10,1006,12,1026,20,3,42
3709,12/30/2019,UPS,2013,1019,15,1045,18,1020,15,3,48
3710,8/18/2019,UPS,2024,1043,85,1027,20,1031,4,3,109
3711,10/9/2019,UPS,2019,1034,15,1016,35,1016,35,3,85
3712,1/12/2021,UPS,2028,1045,18,1013,35,1023,15,3,68
3713,7/23/2022,In-Store,2005,1006,12,1005,12,1038,10,3,34
3714,4/26/2022,In-Store,2025,1027,20,1003,22,1003,22,3,64
3715,6/1/2022,In-Store,2022,1018,20,1007,12,1008,12,3,44
3716,4/14/2020,In-Store,2012,1036,10,1042,7.5,1009,12,3,29.5
3717,2/15/2019,In-Store,2016,1027,20,1026,20,1026,20,3,60
3718,9/25/2022,In-Store,2030,1046,18,1023,15,1017,45,3,78
3719,7/12/2019,UPS,2005,1036,10,1031,4,1016,35,3,49
3720,5/1/2020,UPS,2027,1041,5,1040,22,1015,35,3,62
3721,11/5/2019,UPS,2013,1005,12,1028,20,1041,5,3,37
3722,3/25/2022,In-Store,2021,1018,20,1041,5,1029,20,3,45
3723,2/8/2022,In-Store,2019,1045,18,1001,15,1036,10,3,43
3724,7/25/2021,In-Store,2026,1004,22,1028,20,1039,18,3,60
3725,4/21/2022,In-Store,2030,1036,10,1003,22,1040,22,3,54
3726,1/29/2019,In-Store,2027,1020,15,1031,4,1046,18,3,37
3727,10/31/2020,In-Store,2008,1030,20,1049,7.5,1025,20,3,47.5
3728,9/28/2022,UPS,2009,1022,15,1022,15,1040,22,3,52
3729,1/17/2021,UPS,2027,1020,15,1043,85,1046,18,3,118
3730,10/15/2020,UPS,2020,1024,20,1005,12,1008,12,3,44
3731,2/17/2022,UPS,2003,1024,20,1034,15,1044,5,3,40
3732,8/11/2019,UPS,2030,1047,18,1043,85,1046,18,3,121
3733,12/17/2019,UPS,2006,1008,12,1022,15,1037,10,3,37
3734,11/28/2021,In-Store,2025,1012,12,1026,20,1009,12,3,44
3735,2/6/2022,In-Store,2012,1045,18,1002,7,1012,12,3,37
3736,12/8/2019,In-Store,2003,1024,20,1004,22,1014,35,3,77
3737,7/27/2022,In-Store,2018,1035,10,1006,12,1011,12,3,34
3738,7/27/2022,In-Store,2021,1026,20,1002,7,1044,5,3,32
3739,6/10/2022,In-Store,2010,1033,15,1014,35,1034,15,3,65
3740,7/10/2021,In-Store,2026,1042,7.5,1044,5,1013,35,3,47.5
3741,6/29/2020,In-Store,2022,1004,22,1025,20,1039,18,3,60
3742,3/13/2022,In-Store,2025,1013,35,1045,18,1035,10,3,63
3743,5/15/2020,UPS,2015,1041,5,1032,15,1002,7,3,27
3744,8/30/2020,UPS,2005,1029,20,1013,35,1042,7.5,3,62.5
3745,3/25/2020,UPS,2007,1038,10,1020,15,1031,4,3,29
3746,1/26/2022,UPS,2030,1020,15,1039,18,1025,20,3,53
3747,10/11/2020,UPS,2022,1037,10,1020,15,1028,20,3,45
3748,5/31/2021,UPS,2001,1033,15,1022,15,1039,18,3,48
3749,2/25/2022,In-Store,2013,1048,18,1023,15,1031,4,3,37
3750,9/14/2022,In-Store,2023,1020,15,1007,12,1003,22,3,49
3751,9/28/2020,In-Store,2007,1012,12,1027,20,1004,22,3,54
3752,11/23/2021,In-Store,2028,1036,10,1039,18,1029,20,3,48
3753,6/5/2021,In-Store,2030,1014,35,1036,10,1040,22,3,67
3754,11/18/2020,In-Store,2001,1046,18,1042,7.5,1008,12,3,37.5
3755,3/9/2021,In-Store,2024,1020,15,1017,45,1008,12,3,72
3756,8/3/2019,In-Store,2011,1035,10,1034,15,1007,12,3,37
3757,6/16/2020,In-Store,2024,1015,35,1038,10,1037,10,3,55
3758,8/29/2020,In-Store,2013,1042,7.5,1044,5,1001,15,3,27.5
3759,7/25/2019,In-Store,2018,1042,7.5,1020,15,1049,7.5,3,30
3760,7/12/2019,In-Store,2012,1025,20,1042,7.5,1015,35,3,62.5
3761,11/15/2020,UPS,2026,1046,18,1009,12,1016,35,3,65
3762,3/10/2019,UPS,2013,1010,12,1031,4,1048,18,3,34
3763,1/22/2020,UPS,2012,1049,7.5,1016,35,1041,5,3,47.5
3764,4/6/2020,UPS,2028,1035,10,1037,10,1009,12,3,32
3765,9/10/2020,UPS,2009,1027,20,1047,18,1032,15,3,53
3766,1/1/2020,UPS,2008,1012,12,1003,22,1011,12,3,46
3767,12/16/2019,In-Store,2026,1001,15,1003,22,1040,22,3,59
3768,12/13/2020,In-Store,2025,1005,12,1039,18,1040,22,3,52
3769,7/26/2022,In-Store,2016,1018,20,1020,15,1030,20,3,55
3770,4/8/2022,UPS,2027,1045,18,1027,20,1033,15,3,53
3771,10/1/2019,UPS,2030,1023,15,1035,10,1019,15,3,40
3772,8/11/2021,UPS,2020,1037,10,1028,20,1002,7,3,37
3773,11/14/2021,UPS,2026,1030,20,1032,15,1029,20,3,55
3774,10/1/2022,UPS,2010,1046,18,1009,12,1015,35,3,65
3775,11/17/2020,UPS,2019,1040,22,1040,22,1024,20,3,64
3776,4/10/2021,In-Store,2028,1040,22,1035,10,1005,12,3,44
3777,2/11/2019,In-Store,2014,1012,12,1049,7.5,1006,12,3,31.5
3778,3/1/2021,In-Store,2013,1022,15,1013,35,1009,12,3,62
3779,7/30/2019,In-Store,2006,1011,12,1049,7.5,1009,12,3,31.5
3780,11/13/2020,In-Store,2026,1018,20,1033,15,1017,45,3,80
3781,9/18/2021,In-Store,2026,1012,12,1009,12,1031,4,3,28
3782,11/20/2021,In-Store,2030,1019,15,1045,18,1015,35,3,68
3783,6/21/2021,In-Store,2009,1033,15,1015,35,1014,35,3,85
3784,10/6/2021,In-Store,2026,1037,10,1003,22,1026,20,3,52
3785,8/23/2022,UPS,2014,1027,20,1041,5,1032,15,3,40
3786,12/24/2019,UPS,2024,1036,10,1005,12,1036,10,3,32
3787,12/28/2021,UPS,2003,1001,15,1048,18,1039,18,3,51
3788,10/3/2019,In-Store,2012,1046,18,1029,20,1009,12,3,50
3789,10/29/2022,In-Store,2017,1031,4,1022,15,1027,20,3,39
3790,2/4/2019,In-Store,2007,1027,20,1023,15,1020,15,3,50
3791,4/16/2020,In-Store,2008,1049,7.5,1014,35,1046,18,3,60.5
3792,4/8/2022,In-Store,2002,1012,12,1006,12,1033,15,3,39
3793,5/8/2020,In-Store,2021,1009,12,1004,22,1029,20,3,54
3794,5/5/2022,In-Store,2006,1019,15,1038,10,1005,12,3,37
3795,6/20/2020,UPS,2016,1026,20,1009,12,1049,7.5,3,39.5
3796,4/7/2021,UPS,2025,1001,15,1030,20,1015,35,3,70
3797,1/15/2020,UPS,2029,1012,12,1027,20,1021,15,3,47
3798,9/30/2020,UPS,2028,1016,35,1013,35,1024,20,3,90
3799,4/28/2021,UPS,2008,1013,35,1046,18,1042,7.5,3,60.5
3800,2/2/2019,UPS,2004,1023,15,1021,15,1040,22,3,52
3801,8/29/2020,UPS,2012,1041,5,1027,20,1034,15,3,40
3802,10/25/2020,UPS,2027,1042,7.5,1030,20,1033,15,3,42.5
3803,9/14/2021,In-Store,2028,1006,12,1019,15,1011,12,3,39
3804,6/20/2019,In-Store,2012,1047,18,1018,20,1030,20,3,58
3805,3/20/2020,In-Store,2027,1032,15,1024,20,1037,10,3,45
3806,3/4/2021,In-Store,2024,1046,18,1023,15,1041,5,3,38
3807,8/27/2020,UPS,2027,1019,15,1029,20,1016,35,3,70
3808,9/2/2019,UPS,2024,1041,5,1030,20,1007,12,3,37
3809,6/10/2022,UPS,2022,1049,7.5,1013,35,1043,85,3,127.5
3810,9/21/2020,UPS,2017,1029,20,1023,15,1002,7,3,42
3811,10/9/2020,UPS,2023,1007,12,1039,18,1047,18,3,48
3812,4/11/2019,UPS,2007,1030,20,1046,18,1045,18,3,56
3813,7/24/2020,In-Store,2015,1045,18,1016,35,1002,7,3,60
3814,8/18/2020,In-Store,2029,1037,10,1038,10,1041,5,3,25
3815,8/24/2021,In-Store,2019,1035,10,1045,18,1008,12,3,40
3816,5/23/2022,In-Store,2029,1021,15,1018,20,1043,85,3,120
3817,9/25/2021,In-Store,2008,1002,7,1032,15,1036,10,3,32
3818,1/28/2022,In-Store,2015,1031,4,1006,12,1011,12,3,28
3819,3/16/2020,UPS,2015,1048,18,1029,20,1019,15,3,53
3820,7/28/2022,UPS,2004,1025,20,1010,12,1021,15,3,47
3821,8/16/2019,UPS,2013,1022,15,1005,12,1035,10,3,37
3822,8/12/2022,In-Store,2012,1006,12,1037,10,1015,35,3,57
3823,11/25/2019,In-Store,2022,1042,7.5,1029,20,1041,5,3,32.5
3824,1/14/2021,In-Store,2015,1040,22,1013,35,1013,35,3,92
3825,3/17/2021,In-Store,2026,1028,20,1006,12,1036,10,3,42
3826,9/3/2019,In-Store,2027,1022,15,1019,15,1013,35,3,65
3827,2/9/2022,In-Store,2006,1016,35,1003,22,1026,20,3,77
3828,9/29/2020,UPS,2005,1049,7.5,1025,20,1013,35,3,62.5
3829,8/20/2022,UPS,2015,1040,22,1029,20,1037,10,3,52
3830,12/22/2020,UPS,2013,1035,10,1041,5,1048,18,3,33
3831,12/28/2019,UPS,2029,1036,10,1008,12,1037,10,3,32
3832,6/26/2022,UPS,2008,1008,12,1028,20,1007,12,3,44
3833,4/1/2020,UPS,2023,1024,20,1032,15,1009,12,3,47
3834,12/2/2019,In-Store,2006,1042,7.5,1035,10,1023,15,3,32.5
3835,1/19/2022,In-Store,2009,1007,12,1013,35,1032,15,3,62
3836,8/27/2020,In-Store,2026,1041,5,1008,12,1014,35,3,52
3837,1/25/2022,In-Store,2017,1046,18,1047,18,1009,12,3,48
3838,2/11/2022,In-Store,2020,1025,20,1031,4,1029,20,3,44
3839,6/24/2019,In-Store,2006,1035,10,1031,4,1019,15,3,29
3840,6/24/2019,In-Store,2017,1038,10,1046,18,1022,15,3,43
3841,8/12/2021,In-Store,2028,1022,15,1015,35,1047,18,3,68
3842,1/15/2019,In-Store,2023,1031,4,1038,10,1004,22,3,36
3843,8/3/2021,UPS,2027,1001,15,1003,22,1012,12,3,49
3844,11/15/2019,UPS,2025,1027,20,1005,12,1003,22,3,54
3845,10/26/2019,UPS,2018,1006,12,1024,20,1006,12,3,44
3846,6/10/2021,UPS,2019,1040,22,1034,15,1018,20,3,57
3847,9/2/2019,UPS,2012,1048,18,1045,18,1025,20,3,56
3848,6/7/2020,UPS,2029,1014,35,1022,15,1013,35,3,85
3849,10/4/2021,In-Store,2028,1024,20,1021,15,1044,5,3,40
3850,6/25/2022,In-Store,2019,1010,12,1016,35,1049,7.5,3,54.5
3851,4/16/2022,In-Store,2025,1048,18,1006,12,1019,15,3,45
3852,3/2/2021,In-Store,2020,1026,20,1031,4,1003,22,3,46
3853,5/3/2019,In-Store,2003,1030,20,1001,15,1037,10,3,45
3854,8/28/2020,In-Store,2026,1038,10,1047,18,1021,15,3,43
3855,1/3/2021,In-Store,2016,1036,10,1013,35,1004,22,3,67
3856,6/21/2022,In-Store,2028,1023,15,1004,22,1007,12,3,49
3857,3/31/2021,In-Store,2002,1034,15,1014,35,1047,18,3,68
3858,2/15/2021,In-Store,2015,1022,15,1024,20,1045,18,3,53
3859,6/26/2022,In-Store,2026,1011,12,1029,20,1048,18,3,50
3860,11/4/2020,In-Store,2003,1020,15,1039,18,1033,15,3,48
3861,1/11/2020,UPS,2014,1013,35,1030,20,1048,18,3,73
3862,1/5/2019,UPS,2028,1023,15,1024,20,1027,20,3,55
3863,7/28/2021,UPS,2023,1018,20,1010,12,1007,12,3,44
3864,6/20/2022,UPS,2014,1040,22,1026,20,1014,35,3,77
3865,11/13/2020,UPS,2002,1041,5,1032,15,1008,12,3,32
3866,11/5/2021,UPS,2022,1010,12,1031,4,1042,7.5,3,23.5
3867,8/21/2021,In-Store,2026,1037,10,1031,4,1003,22,3,36
3868,6/22/2020,In-Store,2027,1031,4,1028,20,1043,85,3,109
3869,5/23/2020,In-Store,2013,1004,22,1017,45,1032,15,3,82
3870,5/1/2022,UPS,2018,1030,20,1020,15,1022,15,3,50
3871,12/8/2020,UPS,2025,1047,18,1037,10,1049,7.5,3,35.5
3872,5/4/2021,UPS,2016,1046,18,1015,35,1030,20,3,73
3873,9/25/2022,UPS,2001,1027,20,1012,12,1021,15,3,47
3874,4/8/2021,UPS,2022,1015,35,1015,35,1024,20,3,90
3875,7/7/2019,UPS,2026,1014,35,1002,7,1032,15,3,57
3876,8/14/2021,In-Store,2022,1020,15,1045,18,1046,18,3,51
3877,3/10/2022,In-Store,2009,1009,12,1035,10,1007,12,3,34
3878,6/5/2021,In-Store,2023,1025,20,1020,15,1002,7,3,42
3879,3/11/2020,In-Store,2008,1032,15,1036,10,1023,15,3,40
3880,6/27/2020,In-Store,2008,1032,15,1027,20,1006,12,3,47
3881,4/28/2021,In-Store,2023,1019,15,1043,85,1022,15,3,115
3882,7/7/2020,In-Store,2017,1047,18,1014,35,1047,18,3,71
3883,10/20/2019,In-Store,2016,1041,5,1039,18,1034,15,3,38
3884,5/23/2020,In-Store,2027,1029,20,1033,15,1032,15,3,50
3885,6/8/2022,UPS,2024,1016,35,1022,15,1018,20,3,70
3886,3/22/2022,UPS,2005,1015,35,1004,22,1028,20,3,77
3887,8/22/2021,UPS,2003,1039,18,1025,20,1027,20,3,58
3888,6/25/2021,In-Store,2029,1007,12,1049,7.5,1008,12,3,31.5
3889,10/2/2022,In-Store,2009,1002,7,1010,12,1043,85,3,104
3890,8/20/2020,In-Store,2015,1019,15,1001,15,1031,4,3,34
3891,2/2/2019,In-Store,2003,1038,10,1007,12,1003,22,3,44
3892,12/15/2020,In-Store,2011,1015,35,1024,20,1031,4,3,59
3893,11/21/2021,In-Store,2007,1011,12,1010,12,1027,20,3,44
3894,5/29/2022,In-Store,2027,1048,18,1046,18,1045,18,3,54
3895,1/24/2019,UPS,2005,1040,22,1019,15,1018,20,3,57
3896,4/8/2021,UPS,2001,1001,15,1006,12,1034,15,3,42
3897,7/6/2019,UPS,2015,1012,12,1047,18,1041,5,3,35
3898,5/26/2020,UPS,2011,1019,15,1040,22,1011,12,3,49
3899,10/21/2020,UPS,2002,1007,12,1035,10,1026,20,3,42
3900,12/18/2020,UPS,2001,1046,18,1038,10,1030,20,3,48
3901,5/11/2022,UPS,2002,1044,5,1015,35,1001,15,3,55
3902,3/10/2022,UPS,2021,1004,22,1014,35,1014,35,3,92
3903,6/28/2021,In-Store,2009,1042,7.5,1017,45,1032,15,3,67.5
3904,1/7/2020,In-Store,2012,1026,20,1017,45,1012,12,3,77
3905,5/17/2020,In-Store,2004,1035,10,1020,15,1040,22,3,47
3906,12/18/2019,In-Store,2012,1035,10,1026,20,1008,12,3,42
3907,8/11/2021,UPS,2023,1006,12,1011,12,1040,22,3,46
3908,4/20/2022,UPS,2026,1032,15,1048,18,1048,18,3,51
3909,1/31/2021,UPS,2003,1037,10,1008,12,1003,22,3,44
3910,9/8/2020,UPS,2014,1041,5,1048,18,1027,20,3,43
3911,9/29/2019,UPS,2027,1036,10,1001,15,1038,10,3,35
3912,8/8/2022,UPS,2027,1016,35,1014,35,1041,5,3,75
3913,10/11/2022,In-Store,2011,1042,7.5,1007,12,1013,35,3,54.5
3914,6/26/2022,In-Store,2003,1049,7.5,1025,20,1033,15,3,42.5
3915,11/4/2021,In-Store,2022,1028,20,1012,12,1027,20,3,52
3916,3/22/2019,In-Store,2007,1006,12,1039,18,1044,5,3,35
3917,11/25/2021,In-Store,2001,1016,35,1008,12,1008,12,3,59
3918,9/21/2022,In-Store,2019,1044,5,1028,20,1019,15,3,40
3919,11/21/2020,UPS,2005,1035,10,1035,10,1013,35,3,55
3920,5/13/2021,UPS,2022,1014,35,1005,12,1015,35,3,82
3921,9/28/2021,UPS,2020,1007,12,1025,20,1002,7,3,39
3922,12/2/2019,In-Store,2013,1009,12,1027,20,1026,20,3,52
3923,4/11/2022,In-Store,2023,1049,7.5,1002,7,1045,18,3,32.5
3924,12/12/2020,In-Store,2016,1017,45,1007,12,1017,45,3,102
3925,11/22/2021,In-Store,2028,1028,20,1012,12,1036,10,3,42
3926,12/3/2021,In-Store,2015,1003,22,1019,15,1049,7.5,3,44.5
3927,10/31/2021,In-Store,2015,1024,20,1048,18,1024,20,3,58
3928,8/26/2020,UPS,2002,1010,12,1044,5,1010,12,3,29
3929,12/13/2021,UPS,2024,1039,18,1017,45,1047,18,3,81
3930,2/17/2022,UPS,2011,1032,15,1004,22,1010,12,3,49
3931,3/13/2020,UPS,2009,1006,12,1043,85,1047,18,3,115
3932,3/14/2022,UPS,2020,1043,85,1020,15,1015,35,3,135
3933,6/14/2020,UPS,2003,1034,15,1003,22,1022,15,3,52
3934,7/3/2019,In-Store,2026,1003,22,1002,7,1017,45,3,74
3935,3/18/2019,In-Store,2011,1001,15,1028,20,1021,15,3,50
3936,2/9/2020,In-Store,2011,1006,12,1002,7,1017,45,3,64
3937,12/14/2021,In-Store,2003,1049,7.5,1008,12,1041,5,3,24.5
3938,8/8/2021,In-Store,2010,1041,5,1021,15,1017,45,3,65
3939,7/9/2020,In-Store,2020,1029,20,1020,15,1041,5,3,40
3940,4/11/2019,In-Store,2019,1006,12,1025,20,1045,18,3,50
3941,10/19/2019,In-Store,2011,1025,20,1013,35,1006,12,3,67
3942,9/6/2022,In-Store,2021,1030,20,1010,12,1022,15,3,47
3943,11/8/2019,UPS,2028,1014,35,1017,45,1032,15,3,95
3944,11/24/2019,UPS,2002,1035,10,1001,15,1005,12,3,37
3945,8/10/2021,UPS,2022,1026,20,1032,15,1017,45,3,80
3946,11/29/2021,UPS,2003,1002,7,1022,15,1011,12,3,34
3947,3/30/2021,UPS,2015,1037,10,1025,20,1036,10,3,40
3948,8/5/2021,UPS,2021,1042,7.5,1033,15,1038,10,3,32.5
3949,10/13/2020,In-Store,2027,1043,85,1010,12,1040,22,3,119
3950,7/16/2022,In-Store,2022,1024,20,1042,7.5,1012,12,3,39.5
3951,12/25/2019,In-Store,2014,1032,15,1028,20,1040,22,3,57
3952,7/19/2022,In-Store,2017,1029,20,1017,45,1007,12,3,77
3953,1/28/2022,In-Store,2014,1026,20,1028,20,1035,10,3,50
3954,7/13/2022,In-Store,2016,1012,12,1025,20,1014,35,3,67
3955,4/18/2020,In-Store,2023,1014,35,1008,12,1044,5,3,52
3956,10/7/2019,In-Store,2027,1048,18,1032,15,1041,5,3,38
3957,5/6/2021,In-Store,2028,1010,12,1016,35,1010,12,3,59
3958,2/19/2020,In-Store,2013,1017,45,1029,20,1023,15,3,80
3959,1/13/2019,In-Store,2010,1036,10,1004,22,1037,10,3,42
3960,5/31/2020,In-Store,2030,1028,20,1049,7.5,1016,35,3,62.5
3961,3/27/2020,UPS,2013,1049,7.5,1037,10,1033,15,3,32.5
3962,1/6/2019,UPS,2002,1016,35,1045,18,1009,12,3,65
3963,4/7/2020,UPS,2005,1015,35,1047,18,1043,85,3,138
3964,6/28/2021,UPS,2006,1032,15,1006,12,1036,10,3,37
3965,4/17/2019,UPS,2026,1008,12,1003,22,1048,18,3,52
3966,7/14/2021,UPS,2004,1011,12,1031,4,1012,12,3,28
3967,6/13/2020,In-Store,2021,1021,15,1047,18,1036,10,3,43
3968,3/29/2021,In-Store,2005,1019,15,1049,7.5,1013,35,3,57.5
3969,7/31/2022,In-Store,2014,1005,12,1022,15,1010,12,3,39
3970,9/16/2021,UPS,2021,1019,15,1011,12,1019,15,3,42
3971,7/24/2022,UPS,2020,1023,15,1004,22,1049,7.5,3,44.5
3972,2/24/2020,UPS,2013,1003,22,1018,20,1018,20,3,62
3973,6/9/2019,UPS,2007,1020,15,1041,5,1040,22,3,42
3974,10/11/2021,UPS,2022,1043,85,1014,35,1030,20,3,140
3975,10/25/2020,UPS,2009,1018,20,1025,20,1007,12,3,52
3976,12/15/2021,In-Store,2020,1010,12,1044,5,1032,15,3,32
3977,7/17/2020,In-Store,2005,1026,20,1034,15,1042,7.5,3,42.5
3978,6/3/2020,In-Store,2001,1017,45,1035,10,1041,5,3,60
3979,1/25/2022,In-Store,2011,1022,15,1044,5,1020,15,3,35
3980,10/15/2019,In-Store,2023,1049,7.5,1014,35,1030,20,3,62.5
3981,12/10/2021,In-Store,2010,1001,15,1035,10,1034,15,3,40
3982,5/14/2021,In-Store,2021,1043,85,1035,10,1028,20,3,115
3983,2/17/2021,In-Store,2002,1001,15,1041,5,1034,15,3,35
3984,12/27/2020,In-Store,2025,1001,15,1021,15,1032,15,3,45
3985,11/3/2019,UPS,2025,1014,35,1011,12,1027,20,3,67
3986,4/19/2021,UPS,2020,1032,15,1039,18,1024,20,3,53
3987,10/7/2022,UPS,2029,1048,18,1012,12,1006,12,3,42
3988,6/13/2020,In-Store,2008,1014,35,1022,15,1024,20,3,70
3989,3/28/2021,In-Store,2005,1043,85,1047,18,1002,7,3,110
3990,7/26/2020,In-Store,2030,1044,5,1008,12,1005,12,3,29
3991,2/14/2022,In-Store,2022,1016,35,1009,12,1018,20,3,67
3992,1/30/2020,In-Store,2003,1020,15,1015,35,1018,20,3,70
3993,11/7/2019,In-Store,2013,1030,20,1034,15,1033,15,3,50
3994,8/10/2020,In-Store,2020,1043,85,1036,10,1023,15,3,110
3995,7/17/2022,UPS,2011,1041,5,1013,35,1010,12,3,52
3996,1/16/2022,UPS,2027,1033,15,1002,7,1047,18,3,40
3997,2/28/2021,UPS,2015,1003,22,1033,15,1001,15,3,52
3998,11/4/2020,UPS,2019,1040,22,1006,12,1006,12,3,46
3999,3/3/2022,UPS,2008,1001,15,1038,10,1031,4,3,29
4000,11/12/2019,UPS,2008,1009,12,1035,10,1008,12,3,34
